# Time, s,1,2,3,4,5,6
0,0.00143877,0.00151829,0.00152393,0.00152936,0.00153097,0.00151433
2,0.00143844,0.00151834,0.0015242,0.00152928,0.00153093,0.00151421
4,0.00143851,0.00151809,0.0015239,0.00152913,0.00153066,0.00151389
6,0.0014387,0.00151772,0.00152383,0.00152922,0.00153029,0.00151376
8,0.00143839,0.00151765,0.00152371,0.0015294,0.00153028,0.00151395
10,0.00143897,0.00151773,0.00152341,0.00152907,0.00153024,0.00151381
12,0.00143848,0.00151782,0.00152317,0.00152899,0.00153038,0.00151358
14,0.00143863,0.00151758,0.00152349,0.00152895,0.0015301,0.00151358
16,0.00143867,0.00151751,0.00152338,0.00152859,0.0015301,0.00151375
18,0.00143848,0.00151717,0.00152323,0.00152868,0.00153016,0.00151348
20,0.0014387,0.00151707,0.00152299,0.00152851,0.00153031,0.00151326
22,0.00143838,0.00151697,0.00152304,0.00152853,0.00153039,0.00151308
24,0.00143847,0.00151696,0.00152302,0.00152861,0.00153018,0.00151295
26,0.00143875,0.00151675,0.00152306,0.00152862,0.00153016,0.00151294
28,0.00143845,0.00151665,0.00152286,0.0015285,0.00153014,0.0015129
30,0.00143861,0.00151648,0.00152266,0.00152832,0.00152982,0.00151291
32,0.00143871,0.00151673,0.00152294,0.00152827,0.00152993,0.00151284
34,0.00143902,0.00151628,0.00152265,0.00152783,0.00152981,0.00151293
36,0.00143897,0.00151629,0.00152233,0.00152783,0.00152965,0.00151272
38,0.00143869,0.00151628,0.00152241,0.00152797,0.00152948,0.00151294
40,0.00143868,0.001516,0.00152245,0.00152792,0.00152917,0.00151267
42,0.00143959,0.00151618,0.00152251,0.00152793,0.00152925,0.00151246
44,0.00143893,0.00151595,0.00152258,0.00152775,0.00152918,0.00151256
46,0.00143865,0.00151569,0.00152256,0.00152761,0.00152951,0.0015125
48,0.00143889,0.00151612,0.00152236,0.00152753,0.00152948,0.00151281
50,0.00143905,0.00151651,0.00152264,0.00152827,0.00152957,0.00151296
52,0.00143354,0.00152549,0.00153032,0.0015344,0.00153579,0.00151742
54,0.00143231,0.00152264,0.00152779,0.00153226,0.00153352,0.00151504
56,0.00143172,0.00152213,0.00152726,0.00153125,0.00153296,0.00151469
58,0.00143131,0.00152156,0.00152692,0.00153132,0.00153262,0.00151407
60,0.00143081,0.00152136,0.00152666,0.00153111,0.00153191,0.00151446
62,0.00143091,0.00152118,0.00152626,0.00153073,0.00153203,0.00151433
64,0.0014308,0.00152102,0.00152618,0.00153084,0.00153189,0.00151452
66,0.00143109,0.00152051,0.00152586,0.00153042,0.001532,0.00151379
68,0.00143125,0.0015207,0.00152594,0.00153029,0.00153147,0.00151372
70,0.00143144,0.00152009,0.00152563,0.00153047,0.00153157,0.00151353
72,0.00143155,0.00151958,0.0015255,0.0015302,0.00153123,0.00151336
74,0.00143242,0.00151972,0.00152551,0.00153019,0.00153138,0.00151369
76,0.00143248,0.0015194,0.00152517,0.00153012,0.00153074,0.00151353
78,0.00143238,0.00151889,0.0015251,0.00152977,0.00153099,0.00151342
80,0.00143244,0.00151937,0.00152551,0.00152985,0.00153092,0.00151335
82,0.00143233,0.00151912,0.00152519,0.00152954,0.00153062,0.00151333
84,0.00143231,0.00151887,0.00152473,0.00152928,0.0015307,0.00151335
86,0.00143239,0.00151882,0.0015248,0.00152953,0.00153058,0.00151293
88,0.00143238,0.00151876,0.00152447,0.00152942,0.00153017,0.001513
90,0.00143272,0.00151875,0.00152428,0.00152944,0.00153028,0.00151292
92,0.00143249,0.00151851,0.0015244,0.00152921,0.00153051,0.00151283
94,0.00143225,0.00151847,0.00152393,0.00152888,0.00153016,0.00151279
96,0.00143235,0.00151849,0.00152417,0.00152901,0.00153,0.00151277
98,0.00143246,0.0015183,0.00152401,0.00152909,0.00153023,0.00151317
100,0,0,0,0,0,0
102,0,0,0,0,0,0
104,0,0,0,0,0,0
106,0,0,0,0,0,0
108,0,0,0,0,0,0
110,0,0,0,0,0,0
112,0,0,0,0,0,0
114,0,0,0,0,0,0
116,0,0,0,0,0,0
118,0,0,0,0,0,0
120,0,0,0,0,0,0
122,0,0,0,0,0,0
124,0,0,0,0,0,0
126,0,0,0,0,0,0
128,0,0,0,0,0,0
130,0,0,0,0,0,0
132,0,0,0,0,0,0
134,0,0,0,0,0,0
136,0,0,0,0,0,0
138,0,0,0,0,0,0
140,0,0,0,0,0,0
142,0,0,0,0,0,0
144,0,0,0,0,0,0
146,0,0,0,0,0,0
148,0,0,0,0,0,0
150,0,0,0,0,0,0
152,0,0,0,0,0,0
154,0,0,0,0,0,0
156,0,0,0,0,0,0
158,0,0,0,0,0,0
160,0,0,0,0,0,0
162,0,0,0,0,0,0
164,0,0,0,0,0,0
166,0,0,0,0,0,0
168,0,0,0,0,0,0
170,0,0,0,0,0,0
172,0,0,0,0,0,0
174,0,0,0,0,0,0
176,0,0,0,0,0,0
178,0,0,0,0,0,0
180,0,0,0,0,0,0
182,0,0,0,0,0,0
184,0,0,0,0,0,0
186,0,0,0,0,0,0
188,0,0,0,0,0,0
190,0,0,0,0,0,0
192,0,0,0,0,0,0
194,0,0,0,0,0,0
196,0,0,0,0,0,0
198,0,0,0,0,0,0
200,0,0,0,0,0,0
202,0,0,0,0,0,0
204,0,0,0,0,0,0
206,0,0,0,0,0,0
208,0,0,0,0,0,0
210,0,0,0,0,0,0
212,0,0,0,0,0,0
214,0,0,0,0,0,0
216,0,0,0,0,0,0
218,0,0,0,0,0,0
220,0,0,0,0,0,0
222,0,0,0,0,0,0
224,0,0,0,0,0,0
226,0,0,0,0,0,0
228,0,0,0,0,0,0
230,0,0,0,0,0,0
232,0,0,0,0,0,0
234,0,0,0,0,0,0
236,0,0,0,0,0,0
238,0,0,0,0,0,0
240,0,0,0,0,0,0
242,0,0,0,0,0,0
244,0,0,0,0,0,0
246,0,0,0,0,0,0
248,0,0,0,0,0,0
250,0,0,0,0,0,0
252,0,0,0,0,0,0
254,0,0,0,0,0,0
256,0,0,0,0,0,0
258,0,0,0,0,0,0
260,0,0,0,0,0,0
262,0,0,0,0,0,0
264,0,0,0,0,0,0
266,0,0,0,0,0,0
268,0,0,0,0,0,0
270,0,0,0,0,0,0
272,0,0,0,0,0,0
274,0,0,0,0,0,0
276,0,0,0,0,0,0
278,0,0,0,0,0,0
280,0,0,0,0,0,0
282,0,0,0,0,0,0
284,0,0,0,0,0,0
286,0,0,0,0,0,0
288,0,0,0,0,0,0
290,0,0,0,0,0,0
292,0,0,0,0,0,0
294,0,0,0,0,0,0
296,0,0,0,0,0,0
298,0,0,0,0,0,0
300,0.00178014,0.00179365,0.00176978,0.00174838,0.00172319,0.00168715
302,0.00177412,0.00178745,0.00176424,0.00174246,0.00171781,0.00168194
304,0.00177003,0.00178404,0.00176096,0.00173975,0.00171538,0.00167916
306,0.0017677,0.00178122,0.00175796,0.00173741,0.0017128,0.00167672
308,0.00176494,0.00177808,0.0017557,0.00173449,0.0017108,0.00167468
310,0.00176286,0.00177568,0.00175339,0.00173311,0.0017088,0.00167213
312,0.00176042,0.00177325,0.00175111,0.00173077,0.00170703,0.0016703
314,0.00175848,0.00177096,0.00174902,0.00172903,0.00170505,0.0016687
316,0.00175619,0.00176874,0.00174704,0.0017266,0.00170328,0.00166699
318,0.00175409,0.00176695,0.00174519,0.001725,0.00170169,0.00166545
320,0.00175215,0.00176476,0.00174359,0.00172379,0.00170003,0.00166384
322,0.0017497,0.00176276,0.00174153,0.00172226,0.0016985,0.00166289
324,0.00174809,0.0017607,0.0017406,0.00172054,0.00169691,0.00166125
326,0.00174622,0.00175904,0.00173853,0.00171945,0.00169543,0.00165962
328,0.00174421,0.00175723,0.00173718,0.00171803,0.0016941,0.00165832
330,0.00174256,0.00175574,0.00173577,0.00171668,0.00169287,0.00165687
332,0.0017409,0.00175396,0.00173407,0.0017149,0.00169143,0.00165579
334,0.00173939,0.00175243,0.0017328,0.00171354,0.0016901,0.00165444
336,0.00173804,0.00175122,0.00173101,0.00171203,0.00168891,0.00165316
338,0.00173659,0.00174996,0.00172959,0.00171081,0.00168787,0.00165229
340,0.00173529,0.00174833,0.00172828,0.00170973,0.0016864,0.00165145
342,0.00173359,0.00174661,0.0017267,0.00170851,0.00168548,0.00165024
344,0.00173243,0.00174546,0.00172543,0.00170756,0.00168458,0.00164905
346,0.00173098,0.00174393,0.00172454,0.00170583,0.00168338,0.00164779
348,0.00172961,0.00174255,0.00172329,0.00170483,0.0016821,0.00164672
350,0.00172895,0.00174122,0.0017221,0.00170419,0.0016816,0.00164629
352,0.0017356,0.00174672,0.00172772,0.00170926,0.00168656,0.00165105
354,0.00173114,0.001739,0.00172357,0.00170545,0.00168301,0.00164757
356,0.00172951,0.0017414,0.00172202,0.00170423,0.00168144,0.00164611
358,0.00172804,0.00173976,0.00172099,0.00170324,0.00168017,0.00164536
360,0.00172601,0.00173814,0.00171974,0.00170183,0.00167915,0.001644
362,0.00172477,0.00173678,0.00171843,0.00170079,0.001678,0.00164277
364,0.00172345,0.00173522,0.00171715,0.00169981,0.0016768,0.00164196
366,0.00172263,0.00173405,0.00171596,0.00169848,0.00167575,0.00164109
368,0.00172104,0.00173296,0.00171512,0.00169762,0.00167499,0.00163999
370,0.00171983,0.00173146,0.00171387,0.0016966,0.00167382,0.00163941
372,0.00171866,0.00173065,0.00171278,0.00169515,0.00167284,0.00163859
374,0.00171759,0.0017295,0.00171158,0.0016942,0.00167164,0.00163818
376,0.00171608,0.00172822,0.00171066,0.0016933,0.00167083,0.00163699
378,0.00171487,0.00172709,0.00170964,0.00169237,0.00167006,0.00163627
380,0.0017139,0.00172566,0.00170901,0.0016916,0.00166945,0.00163555
382,0.00171324,0.00172415,0.00170774,0.00169076,0.0016681,0.00163479
384,0.00171222,0.00172298,0.00170679,0.00168969,0.00166724,0.00163394
386,0.00171106,0.0017218,0.00170603,0.0016889,0.00166683,0.0016329
388,0.00171027,0.00172113,0.00170458,0.00168815,0.00166607,0.00163247
390,0.00170932,0.00171987,0.00170391,0.00168732,0.00166497,0.00163151
392,0.0017082,0.00171866,0.00170284,0.00168626,0.00166415,0.0016307
394,0.0017069,0.00171771,0.00170221,0.00168586,0.00166363,0.00163031
396,0.00170611,0.00171642,0.00170106,0.00168445,0.00166294,0.00162971
398,0.00170512,0.00171546,0.00170044,0.00168405,0.00166205,0.00162917
400,0.00170386,0.00171431,0.00169931,0.00168336,0.0016612,0.00162827
402,0.00170311,0.00171347,0.00169881,0.00168265,0.00166041,0.00162761
404,0.00170233,0.00171212,0.00169793,0.0016817,0.00165976,0.00162703
406,0.00170133,0.00171102,0.00169671,0.00168092,0.00165911,0.00162616
408,0.00170002,0.00171007,0.00169599,0.00168025,0.00165883,0.0016253
410,0.00169953,0.00170875,0.0016949,0.00167942,0.00165776,0.00162462
412,0.00169831,0.00170753,0.00169387,0.00167877,0.00165739,0.00162409
414,0.0016974,0.00170656,0.00169306,0.001678,0.00165717,0.00162363
416,0.00169674,0.00170574,0.00169245,0.0016773,0.00165649,0.001623
418,0.00169595,0.00170496,0.00169167,0.00167669,0.00165572,0.00162218
420,0.0016953,0.00170323,0.00169094,0.0016758,0.00165503,0.00162144
422,0.00169444,0.00170247,0.00169017,0.00167539,0.00165448,0.00162097
424,0.00169381,0.00170192,0.0016893,0.00167516,0.00165378,0.00162057
426,0.00169251,0.00170088,0.0016886,0.0016739,0.00165326,0.00161997
428,0.00169184,0.00169982,0.00168767,0.00167345,0.00165251,0.00161932
430,0.00169117,0.00169909,0.00168741,0.00167269,0.00165166,0.00161855
432,0.00168993,0.00169803,0.00168627,0.00167235,0.00165139,0.00161803
434,0.00168888,0.00169724,0.00168538,0.00167171,0.00165052,0.00161787
436,0.00168846,0.00169645,0.00168468,0.00167065,0.00165014,0.00161717
438,0.00168753,0.00169564,0.00168396,0.00167018,0.00164931,0.00161675
440,0.00168721,0.0016946,0.00168299,0.00166945,0.00164873,0.00161584
442,0.00168639,0.00169362,0.00168249,0.00166859,0.00164796,0.00161563
444,0.00168587,0.00169235,0.00168145,0.00166802,0.00164752,0.0016148
446,0.00168493,0.00169163,0.00168099,0.00166762,0.00164713,0.00161436
448,0.00168406,0.00169106,0.00167988,0.001667,0.00164617,0.001614
450,0.00168323,0.00169023,0.00167948,0.00166638,0.00164568,0.00161365
452,0.00168262,0.00168915,0.00167871,0.00166591,0.00164505,0.00161308
454,0.00168163,0.00168873,0.00167806,0.00166548,0.00164446,0.00161251
456,0.00168067,0.00168772,0.00167729,0.00166485,0.0016439,0.00161187
458,0.0016798,0.0016869,0.00167681,0.00166412,0.00164303,0.00161142
460,0.00167955,0.00168635,0.00167646,0.00166335,0.00164272,0.0016109
462,0.00167884,0.00168555,0.0016758,0.00166277,0.00164212,0.00161029
464,0.00167797,0.00168455,0.0016752,0.00166235,0.00164161,0.00161003
466,0.00167744,0.00168414,0.0016743,0.00166161,0.00164147,0.00160935
468,0.00167666,0.0016834,0.0016737,0.00166124,0.00164031,0.00160869
470,0.00167579,0.00168251,0.00167293,0.00166062,0.00163992,0.00160833
472,0.00167533,0.00168182,0.00167214,0.00166032,0.00163924,0.00160794
474,0.00167481,0.00168113,0.0016719,0.00165937,0.00163857,0.00160758
476,0.00167422,0.00168051,0.0016715,0.00165913,0.0016382,0.00160673
478,0.00167333,0.00167979,0.00167101,0.00165878,0.00163784,0.00160628
480,0.0016727,0.00167883,0.00167012,0.00165827,0.00163747,0.0016058
482,0.00167244,0.00167845,0.00166977,0.00165739,0.001637,0.00160537
484,0.00167194,0.00167763,0.00166882,0.00165683,0.00163672,0.00160475
486,0.00167175,0.00167682,0.00166817,0.00165643,0.00163625,0.0016043
488,0.00167088,0.00167579,0.00166769,0.00165602,0.00163566,0.00160385
490,0.00166992,0.00167578,0.00166708,0.0016554,0.00163528,0.00160349
492,0.00166942,0.00167479,0.0016666,0.00165502,0.00163447,0.0016031
494,0.0016687,0.00167387,0.00166622,0.00165434,0.00163425,0.00160271
496,0.00166825,0.00167351,0.0016656,0.00165393,0.00163351,0.00160219
498,0.00166802,0.00167275,0.0016654,0.00165334,0.00163312,0.00160188
500,0.00166713,0.00167211,0.00166453,0.00165277,0.00163236,0.00160147
502,0.0016664,0.00167166,0.00166407,0.00165224,0.00163193,0.00160105
504,0.0016659,0.00167112,0.00166322,0.00165179,0.00163186,0.00160043
506,0.0016651,0.00167049,0.00166273,0.0016513,0.00163139,0.00160028
508,0.00166478,0.00166977,0.00166236,0.0016507,0.001631,0.00159963
510,0.00166429,0.00166933,0.00166169,0.00165012,0.00163066,0.00159933
512,0.0016635,0.00166862,0.00166114,0.00164965,0.0016302,0.00159875
514,0.0016629,0.00166782,0.00166042,0.00164941,0.00162959,0.00159836
516,0.00166232,0.00166715,0.00166025,0.00164888,0.00162928,0.0015982
518,0.00166198,0.00166644,0.00165918,0.00164851,0.00162915,0.00159774
520,0.00166149,0.00166585,0.00165875,0.00164788,0.00162861,0.00159755
522,0.00166073,0.00166573,0.00165809,0.00164737,0.00162819,0.00159701
524,0.00166037,0.0016648,0.00165748,0.00164706,0.00162776,0.00159671
526,0.00165992,0.00166468,0.00165681,0.00164659,0.00162718,0.00159609
528,0.00165915,0.00166383,0.00165646,0.00164594,0.00162655,0.00159564
530,0.00165855,0.00166286,0.00165609,0.00164564,0.001626,0.00159522
532,0.00165834,0.00166265,0.00165575,0.00164479,0.00162561,0.00159483
534,0.00165801,0.0016621,0.0016551,0.00164442,0.00162516,0.00159445
536,0.00165729,0.00166164,0.0016546,0.00164384,0.00162487,0.00159405
538,0.00165683,0.00166093,0.00165442,0.00164333,0.00162428,0.00159346
540,0.00165614,0.00166038,0.00165343,0.00164297,0.00162391,0.00159339
542,0.0016561,0.00165966,0.00165305,0.00164268,0.00162358,0.00159316
544,0.00165515,0.00165913,0.00165235,0.00164206,0.00162329,0.00159272
546,0.00165449,0.00165852,0.0016523,0.00164199,0.00162247,0.00159261
548,0.00165439,0.00165816,0.00165156,0.00164159,0.00162221,0.00159205
550,0.00165392,0.0016578,0.00165096,0.00164107,0.00162189,0.00159155
552,0.00165349,0.00165696,0.00165076,0.00164076,0.00162161,0.00159116
554,0.00165282,0.0016558,0.0016502,0.00164036,0.00162137,0.00159086
556,0.00165245,0.00165559,0.00164981,0.00163984,0.00162067,0.00159053
558,0.00165196,0.00165525,0.001649,0.00163928,0.0016204,0.00158979
560,0.00165164,0.00165454,0.00164845,0.0016388,0.00161996,0.00158965
562,0.00165121,0.0016539,0.00164803,0.00163809,0.00161954,0.00158955
564,0.00165041,0.00165349,0.00164793,0.00163773,0.00161945,0.00158932
566,0.00164978,0.00165287,0.00164761,0.00163774,0.00161869,0.00158871
568,0.00164916,0.00165245,0.00164725,0.0016372,0.00161831,0.00158828
570,0.00164873,0.00165171,0.00164674,0.0016366,0.00161785,0.00158766
572,0.00164832,0.00165144,0.00164625,0.00163644,0.00161769,0.00158732
574,0.00164796,0.00165111,0.00164606,0.00163572,0.00161738,0.00158719
576,0.00164731,0.00165052,0.00164571,0.00163553,0.00161674,0.00158677
578,0.00164699,0.00164971,0.00164506,0.00163541,0.00161665,0.00158649
580,0.00164667,0.00164931,0.0016446,0.001635,0.00161629,0.00158603
582,0.00164624,0.00164887,0.00164395,0.00163438,0.00161542,0.00158558
584,0.00164551,0.00164816,0.00164381,0.001634,0.00161533,0.00158516
586,0.00164541,0.0016476,0.00164308,0.00163369,0.00161518,0.00158489
588,0.00164476,0.00164716,0.00164258,0.00163309,0.00161478,0.00158434
590,0.00164442,0.00164647,0.001642,0.00163304,0.00161464,0.00158405
592,0.00164423,0.00164611,0.00164179,0.00163247,0.00161416,0.00158367
594,0.00164365,0.00164532,0.0016412,0.00163203,0.00161375,0.00158279
596,0.00164325,0.00164471,0.00164072,0.00163212,0.00161331,0.00158284
598,0.00164291,0.00164472,0.0016404,0.00163157,0.00161282,0.00158255
600,0.00164233,0.00164407,0.00163986,0.00163111,0.0016126,0.0015824
602,0.00164203,0.00164374,0.00163938,0.00163105,0.00161234,0.00158205
604,0.00164146,0.00164289,0.00163892,0.0016306,0.00161197,0.00158148
606,0.00164132,0.00164267,0.00163858,0.00162995,0.00161165,0.00158085
608,0.00164075,0.00164254,0.00163838,0.00162974,0.00161116,0.00158069
610,0.00164041,0.00164181,0.00163842,0.00162934,0.00161115,0.00158054
612,0.00163994,0.00164135,0.00163785,0.00162906,0.00161065,0.00158021
614,0.00163974,0.00164087,0.00163726,0.00162878,0.0016104,0.00157979
616,0.00163904,0.00164077,0.00163677,0.00162836,0.00161011,0.00157922
618,0.0016386,0.00164021,0.00163642,0.00162806,0.00160976,0.00157924
620,0.00163835,0.00163961,0.00163632,0.00162749,0.00160921,0.00157895
622,0.00163772,0.00163928,0.00163627,0.00162736,0.00160873,0.00157877
624,0.00163749,0.00163896,0.00163568,0.00162714,0.00160842,0.00157848
626,0.0016369,0.00163808,0.00163529,0.00162686,0.00160836,0.00157825
628,0.00163617,0.00163787,0.0016346,0.00162654,0.00160805,0.00157764
630,0.00163587,0.00163744,0.00163407,0.00162591,0.00160773,0.00157759
632,0.00163562,0.00163674,0.0016339,0.00162576,0.00160739,0.00157704
634,0.00163514,0.00163631,0.00163339,0.00162544,0.00160702,0.00157661
636,0.00163495,0.00163598,0.00163318,0.00162509,0.00160668,0.00157644
638,0.00163455,0.00163533,0.0016327,0.00162461,0.0016065,0.00157611
640,0.00163386,0.00163488,0.00163254,0.00162424,0.00160604,0.00157547
642,0.00163362,0.00163442,0.00163211,0.00162415,0.00160554,0.00157521
644,0.0016335,0.00163393,0.00163169,0.001624,0.00160523,0.00157504
646,0.00163309,0.00163343,0.00163135,0.00162384,0.00160495,0.00157474
648,0.00163267,0.00163314,0.00163087,0.0016234,0.00160496,0.00157444
650,0.00163229,0.00163284,0.00163047,0.00162326,0.00160456,0.00157401
652,0.00163193,0.00163254,0.00163052,0.00162281,0.00160398,0.00157361
654,0.00163152,0.00163198,0.00162996,0.00162222,0.00160391,0.00157343
656,0.00163149,0.00163171,0.00162931,0.00162222,0.00160347,0.00157293
658,0.0016309,0.00163149,0.00162896,0.00162171,0.00160305,0.00157249
660,0.00163074,0.00163118,0.00162893,0.00162151,0.00160278,0.00157265
662,0.00163039,0.00163025,0.0016287,0.00162101,0.00160251,0.00157256
664,0.00163005,0.00162994,0.0016281,0.00162061,0.00160189,0.00157211
666,0.00162972,0.00162968,0.00162786,0.00162035,0.00160165,0.00157176
668,0.00162937,0.00162924,0.00162736,0.00162041,0.00160156,0.00157136
670,0.00162889,0.00162861,0.00162706,0.00161992,0.00160151,0.00157102
672,0.00162846,0.00162806,0.0016268,0.00161968,0.00160105,0.00157121
674,0.00162831,0.00162807,0.00162652,0.00161938,0.00160072,0.00157082
676,0.00162778,0.00162758,0.00162636,0.00161864,0.0016004,0.00157076
678,0.00162759,0.00162703,0.00162618,0.00161864,0.00159998,0.00157051
680,0.00162716,0.00162688,0.00162552,0.00161814,0.00159945,0.00156986
682,0.00162717,0.00162656,0.00162532,0.00161802,0.00159952,0.00156961
684,0.00162662,0.00162628,0.00162487,0.00161738,0.00159923,0.00156947
686,0.00162655,0.00162577,0.00162455,0.0016175,0.00159904,0.00156948
688,0.00162596,0.00162527,0.00162397,0.00161697,0.00159904,0.00156932
690,0.00162542,0.00162483,0.00162341,0.00161691,0.00159808,0.00156895
692,0.00162546,0.00162414,0.0016235,0.00161659,0.00159792,0.00156844
694,0.00162515,0.00162414,0.00162346,0.00161628,0.00159761,0.00156841
696,0.00162464,0.00162384,0.00162307,0.00161597,0.00159749,0.00156823
698,0.00162397,0.00162356,0.00162295,0.00161579,0.00159725,0.00156787
700,0.00162401,0.0016232,0.00162241,0.00161574,0.00159687,0.00156719
702,0.00162355,0.00162263,0.00162232,0.00161561,0.00159654,0.00156704
704,0.00162331,0.00162231,0.00162171,0.00161529,0.00159626,0.0015669
706,0.00162283,0.00162209,0.00162154,0.00161479,0.00159602,0.00156629
708,0.00162256,0.00162178,0.00162096,0.00161439,0.00159576,0.00156653
710,0.00162232,0.00162153,0.00162075,0.00161424,0.00159543,0.00156608
712,0.00162185,0.00162143,0.00162061,0.00161358,0.00159533,0.00156599
714,0.0016216,0.00162083,0.00162029,0.00161352,0.00159535,0.00156556
716,0.00162119,0.00162054,0.00162016,0.00161334,0.00159494,0.00156509
718,0.00162086,0.00162017,0.00162007,0.00161291,0.00159471,0.00156507
720,0.00162065,0.00161978,0.00161997,0.00161278,0.00159442,0.00156502
722,0.00162039,0.00161974,0.00161971,0.0016126,0.00159382,0.00156465
724,0.00161982,0.00161943,0.00161921,0.00161224,0.00159356,0.00156417
726,0.00161988,0.00161895,0.00161911,0.00161174,0.00159331,0.00156366
728,0.00161985,0.00161868,0.00161865,0.00161144,0.0015927,0.00156366
730,0.00161941,0.00161808,0.00161783,0.00161105,0.00159246,0.00156328
732,0.00161898,0.0016178,0.00161793,0.00161126,0.00159232,0.00156357
734,0.00161872,0.00161775,0.00161753,0.00161106,0.00159232,0.00156293
736,0.0016184,0.00161717,0.00161707,0.0016107,0.001592,0.00156271
738,0.00161841,0.00161696,0.00161678,0.00161044,0.00159156,0.00156235
740,0.00161798,0.00161655,0.00161684,0.00160988,0.00159127,0.00156225
742,0.00161768,0.00161604,0.00161621,0.00160976,0.00159096,0.00156216
744,0.00161719,0.00161623,0.00161634,0.00160945,0.00159086,0.00156165
746,0.00161684,0.0016155,0.00161595,0.00160924,0.0015908,0.00156156
748,0.00161649,0.00161557,0.0016158,0.00160874,0.0015906,0.00156106
750,0.0016161,0.00161516,0.00161532,0.00160871,0.00159044,0.00156122
752,0.00161583,0.00161478,0.00161492,0.00160865,0.00158999,0.0015608
754,0.00161575,0.00161416,0.00161485,0.00160823,0.00158949,0.00156078
756,0.00161544,0.00161384,0.00161481,0.00160782,0.00158936,0.00156055
758,0.0016149,0.00161358,0.00161426,0.00160764,0.00158953,0.0015604
760,0.00161434,0.00161314,0.00161401,0.00160699,0.00158872,0.00156036
762,0.00161457,0.0016132,0.00161414,0.00160675,0.00158844,0.00155968
764,0.00161458,0.00161267,0.0016136,0.00160667,0.00158848,0.00155937
766,0.00161404,0.00161253,0.00161326,0.00160684,0.00158779,0.00155914
768,0.00161348,0.00161221,0.00161305,0.00160647,0.00158752,0.00155892
770,0.00161333,0.00161202,0.00161286,0.00160619,0.00158741,0.00155896
772,0.00161319,0.00161171,0.00161261,0.00160601,0.00158701,0.00155878
774,0.00161244,0.00161134,0.00161208,0.00160553,0.0015871,0.00155814
776,0.00161264,0.00161095,0.00161174,0.00160518,0.00158645,0.00155805
778,0.00161211,0.00161078,0.00161171,0.0016051,0.00158635,0.00155762
780,0.00161181,0.00161045,0.00161165,0.00160451,0.00158603,0.00155759
782,0.00161168,0.00161008,0.00161125,0.00160454,0.00158618,0.00155746
784,0.00161121,0.00161,0.0016109,0.00160443,0.00158575,0.00155723
786,0.00161121,0.00160965,0.00161078,0.00160422,0.00158551,0.0015568
788,0.0016107,0.0016092,0.00161028,0.00160376,0.00158535,0.00155702
790,0.00161077,0.00160877,0.00161026,0.00160387,0.00158499,0.00155655
792,0.0016107,0.00160824,0.00160973,0.00160375,0.00158469,0.00155622
794,0.00161059,0.00160803,0.00160968,0.00160336,0.00158513,0.00155576
796,0.00161013,0.00160782,0.00160953,0.00160297,0.00158442,0.00155535
798,0.00160975,0.00160797,0.00160925,0.00160277,0.00158395,0.00155502
800,0.00160914,0.0016071,0.00160897,0.00160248,0.00158379,0.00155464
802,0.00160846,0.00160685,0.00160855,0.00160224,0.00158338,0.00155448
804,0.00160834,0.0016069,0.0016084,0.00160186,0.00158336,0.00155438
806,0.00160833,0.00160639,0.00160811,0.00160185,0.00158297,0.00155422
808,0.00160814,0.00160638,0.00160785,0.00160188,0.00158227,0.00155398
810,0.001608,0.0016056,0.00160762,0.00160141,0.00158235,0.00155367
812,0.00160756,0.00160558,0.00160702,0.00160118,0.00158235,0.00155365
814,0.00160743,0.00160509,0.00160727,0.00160107,0.00158207,0.00155359
816,0.00160716,0.00160487,0.00160666,0.00160071,0.00158168,0.00155353
818,0.00160665,0.00160471,0.00160633,0.00160025,0.00158167,0.00155339
820,0.00160634,0.00160445,0.00160586,0.00160005,0.00158142,0.00155292
822,0.0016063,0.00160439,0.00160587,0.0015999,0.00158121,0.0015529
824,0.00160581,0.00160398,0.00160548,0.00159942,0.00158127,0.00155255
826,0.00160556,0.00160376,0.00160504,0.00159931,0.00158087,0.00155227
828,0.00160529,0.00160348,0.00160508,0.00159896,0.0015808,0.00155199
830,0.0016051,0.00160324,0.00160495,0.00159893,0.00158048,0.00155162
832,0.0016053,0.00160275,0.00160434,0.00159884,0.00158018,0.00155145
834,0.0016049,0.00160223,0.00160418,0.00159856,0.00157967,0.00155105
836,0.00160484,0.0016022,0.00160382,0.00159809,0.00157983,0.00155103
838,0.00160444,0.0016023,0.00160357,0.00159823,0.00157923,0.00155123
840,0.00160447,0.00160197,0.00160298,0.0015979,0.00157921,0.00155071
842,0.0016044,0.00160178,0.00160302,0.00159766,0.00157902,0.00155064
844,0.00160371,0.00160125,0.00160292,0.00159779,0.00157882,0.00155057
846,0.00160377,0.00160099,0.00160243,0.00159722,0.00157849,0.00155058
848,0.00160334,0.00160063,0.00160222,0.00159702,0.00157824,0.00155008
850,0.00160326,0.00160036,0.00160268,0.00159669,0.00157814,0.00154984
852,0.00160261,0.00160027,0.00160212,0.00159668,0.00157774,0.00154966
854,0.00160238,0.00159985,0.00160206,0.0015963,0.00157754,0.00154978
856,0.00160243,0.00159973,0.00160172,0.00159624,0.00157733,0.0015495
858,0.00160241,0.00159932,0.00160143,0.00159591,0.00157711,0.00154902
860,0.00160211,0.00159892,0.00160098,0.00159563,0.00157698,0.00154892
862,0.0016019,0.00159882,0.001601,0.00159558,0.00157659,0.00154871
864,0.00160195,0.00159858,0.00160057,0.00159509,0.00157657,0.00154823
866,0.00160106,0.00159802,0.00160062,0.00159495,0.00157624,0.00154825
868,0.00160111,0.00159806,0.00160022,0.00159481,0.00157618,0.00154826
870,0.00160072,0.00159778,0.00160013,0.00159455,0.00157559,0.00154818
872,0.00160042,0.00159748,0.0015997,0.00159408,0.00157557,0.0015477
874,0.00160015,0.0015968,0.00159946,0.00159393,0.00157529,0.00154783
876,0.00160004,0.00159648,0.00159928,0.00159358,0.00157538,0.00154753
878,0.00160001,0.00159639,0.00159914,0.00159348,0.00157512,0.00154754
880,0.00159938,0.00159616,0.00159856,0.00159348,0.00157485,0.00154722
882,0.00159943,0.00159584,0.00159845,0.0015932,0.00157443,0.00154696
884,0.00159926,0.00159551,0.00159843,0.00159306,0.00157434,0.00154657
886,0.00159886,0.00159547,0.00159829,0.001593,0.00157388,0.00154656
888,0.00159877,0.00159496,0.00159807,0.00159262,0.0015739,0.00154635
890,0.00159841,0.00159496,0.00159785,0.00159239,0.00157367,0.00154589
892,0.00159848,0.00159474,0.00159742,0.00159224,0.00157355,0.00154557
894,0.00159795,0.00159476,0.00159726,0.00159199,0.00157335,0.00154577
896,0.00159774,0.00159411,0.00159697,0.00159178,0.00157292,0.00154587
898,0.00159761,0.001594,0.00159712,0.00159183,0.00157255,0.00154562
900,0.00159727,0.00159379,0.00159667,0.00159157,0.00157242,0.00154509
902,0.00159695,0.00159364,0.00159595,0.0015911,0.00157245,0.00154508
904,0.00159631,0.00159329,0.00159601,0.00159114,0.00157208,0.00154467
906,0.00159673,0.00159289,0.0015959,0.00159097,0.00157219,0.00154495
908,0.00159661,0.00159275,0.00159575,0.00159072,0.00157186,0.00154488
910,0.00159633,0.0015925,0.00159556,0.00159054,0.0015717,0.00154474
912,0.0015963,0.00159232,0.00159536,0.00159008,0.00157178,0.00154429
914,0.00159578,0.0015922,0.0015954,0.00158983,0.00157138,0.00154416
916,0.00159559,0.0015919,0.00159521,0.00158957,0.00157122,0.00154406
918,0.00159505,0.00159202,0.00159467,0.00158975,0.00157113,0.00154402
920,0.0015948,0.00159147,0.00159429,0.00158913,0.00157062,0.00154388
922,0.00159488,0.00159114,0.00159407,0.00158899,0.00157028,0.00154379
924,0.00159482,0.00159101,0.00159397,0.00158878,0.00157005,0.00154366
926,0.00159453,0.00159092,0.00159376,0.00158883,0.00157002,0.00154327
928,0.00159419,0.00159072,0.00159377,0.00158867,0.00156997,0.00154269
930,0.00159417,0.00159036,0.00159332,0.00158829,0.00156945,0.0015427
932,0.00159371,0.00159035,0.00159335,0.00158823,0.00156947,0.00154254
934,0.00159326,0.00158998,0.00159306,0.00158816,0.00156956,0.0015424
936,0.00159288,0.00158982,0.00159296,0.00158801,0.00156944,0.00154214
938,0.00159306,0.00158934,0.00159247,0.0015876,0.00156954,0.00154204
940,0.00159261,0.00158926,0.00159235,0.00158749,0.00156915,0.00154193
942,0.00159233,0.00158904,0.00159223,0.00158746,0.00156935,0.00154202
944,0.00159217,0.00158891,0.00159178,0.0015871,0.00156945,0.00154147
946,0.0015921,0.00158836,0.00159172,0.00158676,0.00156891,0.00154159
948,0.00159195,0.00158821,0.00159171,0.0015867,0.00156866,0.00154147
950,0.0015918,0.00158815,0.00159138,0.00158653,0.00156841,0.00154146
952,0.00159131,0.0015874,0.00159093,0.00158592,0.00156839,0.0015414
954,0.0015911,0.00158759,0.00159085,0.00158609,0.00156814,0.00154081
956,0.00159081,0.00158737,0.00159087,0.00158591,0.00156805,0.00154094
958,0.00159039,0.00158753,0.00159056,0.00158564,0.00156777,0.00154073
960,0.00159041,0.00158727,0.00159034,0.00158556,0.0015674,0.00154048
962,0.00159001,0.00158697,0.00158998,0.00158528,0.00156734,0.00154046
964,0.00158987,0.00158657,0.00158984,0.00158522,0.00156741,0.00153996
966,0.00158994,0.00158636,0.00158983,0.00158506,0.00156715,0.00154017
968,0.00158977,0.00158618,0.00158962,0.00158496,0.00156684,0.00154036
970,0.00158925,0.00158591,0.0015892,0.00158474,0.0015667,0.00154029
972,0.00158926,0.00158587,0.00158887,0.00158455,0.00156678,0.00154014
974,0.00158927,0.00158589,0.00158883,0.00158431,0.00156654,0.00154004
976,0.0015889,0.00158574,0.0015888,0.00158404,0.00156618,0.00153971
978,0.00158889,0.00158535,0.00158867,0.0015838,0.00156602,0.00153942
980,0.00158811,0.00158482,0.00158826,0.00158412,0.00156596,0.00153946
982,0.00158823,0.00158503,0.00158828,0.00158393,0.00156555,0.00153918
984,0.00158798,0.00158467,0.00158812,0.00158384,0.00156547,0.00153893
986,0.00158785,0.00158419,0.00158806,0.00158336,0.00156508,0.00153907
988,0.0015878,0.00158366,0.00158788,0.00158344,0.001565,0.00153909
990,0.00158791,0.00158369,0.00158775,0.00158294,0.00156452,0.00153886
992,0.00158742,0.00158349,0.00158754,0.00158278,0.00156438,0.00153844
994,0.00158675,0.0015831,0.00158715,0.00158266,0.00156444,0.00153829
996,0.00158676,0.0015828,0.00158673,0.00158264,0.00156431,0.00153816
998,0.00158664,0.00158267,0.00158683,0.00158233,0.00156434,0.00153819
1000,0.00158593,0.00158234,0.0015867,0.00158194,0.00156379,0.00153776
1002,0.00158629,0.00158216,0.00158596,0.0015818,0.00156387,0.00153795
1004,0.00158618,0.00158216,0.00158589,0.00158185,0.00156394,0.00153768
1006,0.001586,0.00158214,0.00158563,0.00158202,0.00156379,0.00153727
1008,0.00158547,0.00158215,0.00158549,0.00158209,0.00156335,0.00153734
1010,0.00158547,0.00158178,0.00158518,0.00158169,0.00156339,0.001537
1012,0.00158526,0.00158166,0.0015852,0.00158163,0.00156313,0.00153709
1014,0.00158512,0.00158189,0.00158475,0.00158105,0.00156328,0.00153699
1016,0.00158494,0.00158146,0.00158469,0.0015808,0.00156264,0.00153679
1018,0.0015843,0.00158147,0.00158471,0.00158066,0.00156268,0.00153677
1020,0.0015842,0.00158092,0.00158448,0.00158037,0.00156269,0.00153648
1022,0.00158439,0.00158087,0.00158436,0.00158052,0.0015625,0.00153679
1024,0.00158413,0.00158048,0.00158425,0.00158056,0.00156247,0.00153613
1026,0.00158404,0.00158015,0.00158405,0.00158038,0.00156207,0.00153609
1028,0.0015839,0.00158018,0.0015839,0.00157998,0.00156215,0.00153617
1030,0.00158359,0.00157973,0.00158368,0.00158,0.00156196,0.00153589
1032,0.00158349,0.00157966,0.00158334,0.00157997,0.00156152,0.00153564
1034,0.00158299,0.00157946,0.00158296,0.00157979,0.00156128,0.00153571
1036,0.00158287,0.00157944,0.00158306,0.00157961,0.00156131,0.00153546
1038,0.00158237,0.00157936,0.00158296,0.0015791,0.00156139,0.00153565
1040,0.00158265,0.00157906,0.0015831,0.00157913,0.00156106,0.00153538
1042,0.00158234,0.0015786,0.00158271,0.00157901,0.00156087,0.00153492
1044,0.00158199,0.00157857,0.00158282,0.00157851,0.00156062,0.00153499
1046,0.00158188,0.00157833,0.00158237,0.00157818,0.00156071,0.00153524
1048,0.00158156,0.00157788,0.0015823,0.00157836,0.00156037,0.0015352
1050,0.00158135,0.0015779,0.0015816,0.00157827,0.00156032,0.00153493
1052,0.00158113,0.00157773,0.00158153,0.00157804,0.00156024,0.00153497
1054,0.00158142,0.00157761,0.00158156,0.00157784,0.00156008,0.00153491
1056,0.00158123,0.00157752,0.00158103,0.00157786,0.00155987,0.00153499
1058,0.00158075,0.00157738,0.00158086,0.0015777,0.00155979,0.00153485
1060,0.00158042,0.00157732,0.00158081,0.00157732,0.00155947,0.00153474
1062,0.00158025,0.00157687,0.00158074,0.00157736,0.0015593,0.00153402
1064,0.0015802,0.00157676,0.00158055,0.00157725,0.00155914,0.00153386
1066,0.00158002,0.00157645,0.00158059,0.00157726,0.00155914,0.00153395
1068,0.00157999,0.00157598,0.00158035,0.00157706,0.00155922,0.00153367
1070,0.00158001,0.00157583,0.00158019,0.0015769,0.0015591,0.00153373
1072,0.00157929,0.00157586,0.00157998,0.00157648,0.00155878,0.00153388
1074,0.00157928,0.00157586,0.00157973,0.00157669,0.00155866,0.00153337
1076,0.00157891,0.00157559,0.00157935,0.00157635,0.00155837,0.0015334
1078,0.0015789,0.00157541,0.00157917,0.0015762,0.00155825,0.00153345
1080,0.00157852,0.00157528,0.00157903,0.00157593,0.00155806,0.00153336
1082,0.00157864,0.00157538,0.00157901,0.00157614,0.00155779,0.00153309
1084,0.00157832,0.00157485,0.00157874,0.00157565,0.00155781,0.00153343
1086,0.00157797,0.00157466,0.00157848,0.00157603,0.00155792,0.00153294
1088,0.00157788,0.00157465,0.00157845,0.00157545,0.0015578,0.00153257
1090,0.00157788,0.00157442,0.0015783,0.00157541,0.00155769,0.00153216
1092,0.00157769,0.00157416,0.00157804,0.0015755,0.00155715,0.00153213
1094,0.00157748,0.00157374,0.00157798,0.00157543,0.00155667,0.00153215
1096,0.00157694,0.0015738,0.00157768,0.001575,0.00155697,0.00153216
1098,0.00157689,0.00157388,0.00157737,0.00157462,0.0015567,0.00153179
1100,0.00157666,0.0015735,0.00157744,0.00157458,0.00155643,0.00153176
1102,0.00157675,0.00157342,0.00157735,0.00157475,0.00155624,0.00153219
1104,0.00157636,0.00157303,0.00157684,0.00157439,0.00155653,0.00153203
1106,0.00157612,0.00157268,0.00157658,0.0015742,0.0015564,0.00153193
1108,0.00157644,0.00157282,0.00157665,0.00157375,0.00155623,0.00153171
1110,0.00157606,0.00157275,0.00157623,0.00157384,0.00155593,0.00153159
1112,0.00157614,0.00157272,0.00157654,0.00157377,0.00155594,0.00153165
1114,0.00157593,0.00157251,0.00157621,0.00157335,0.00155575,0.00153162
1116,0.00157574,0.00157243,0.00157605,0.00157343,0.00155555,0.00153155
1118,0.00157502,0.00157204,0.00157606,0.00157325,0.00155549,0.00153183
1120,0.00157512,0.0015717,0.00157573,0.00157325,0.00155536,0.00153144
1122,0.00157501,0.00157163,0.00157548,0.00157323,0.0015552,0.0015309
1124,0.00157508,0.00157139,0.00157515,0.00157281,0.00155511,0.00153109
1126,0.00157501,0.00157132,0.00157492,0.00157236,0.00155483,0.00153082
1128,0.00157452,0.00157091,0.00157494,0.00157237,0.00155454,0.0015309
1130,0.00157428,0.00157048,0.00157485,0.0015723,0.00155454,0.00153072
1132,0.00157387,0.00157065,0.00157465,0.00157208,0.00155439,0.00153016
1134,0.00157433,0.00157026,0.00157474,0.00157209,0.00155409,0.00153031
1136,0.00157407,0.00156991,0.00157434,0.00157203,0.00155414,0.00153021
1138,0.00157412,0.0015697,0.00157436,0.00157196,0.00155414,0.00153002
1140,0.00157349,0.00156977,0.00157416,0.0015718,0.00155405,0.00153001
1142,0.00157312,0.00156958,0.00157426,0.0015714,0.00155404,0.00152957
1144,0.00157312,0.00156907,0.00157386,0.00157164,0.00155395,0.0015297
1146,0.00157303,0.00156909,0.00157378,0.00157105,0.00155363,0.00152989
1148,0.00157279,0.00156899,0.00157374,0.00157125,0.0015534,0.00152981
1150,0.00157274,0.00156907,0.00157371,0.00157115,0.00155348,0.00152947
1152,0.00157274,0.00156881,0.00157331,0.00157102,0.0015532,0.00152953
1154,0.00157247,0.00156843,0.00157332,0.0015708,0.00155281,0.00152912
1156,0.00157223,0.00156846,0.00157279,0.00157077,0.00155273,0.00152899
1158,0.001572,0.00156811,0.00157295,0.00157048,0.00155261,0.00152913
1160,0.0015716,0.00156788,0.0015726,0.00157015,0.00155292,0.00152882
1162,0.00157144,0.00156757,0.00157243,0.00157021,0.00155272,0.00152921
1164,0.00157151,0.00156764,0.00157224,0.00156992,0.00155263,0.00152874
1166,0.00157136,0.00156736,0.00157209,0.00156986,0.0015522,0.0015284
1168,0.00157084,0.00156725,0.00157203,0.0015698,0.00155228,0.00152829
1170,0.00157069,0.00156721,0.00157182,0.00156961,0.00155177,0.00152849
1172,0.00157081,0.00156692,0.00157168,0.00156968,0.00155178,0.00152829
1174,0.00157039,0.00156663,0.00157191,0.00156915,0.00155161,0.00152807
1176,0.00157046,0.00156643,0.00157142,0.00156894,0.00155147,0.0015279
1178,0.00157032,0.00156646,0.00157132,0.00156903,0.00155137,0.00152843
1180,0.00157048,0.00156645,0.00157126,0.00156908,0.0015514,0.00152799
1182,0.00157042,0.00156641,0.00157135,0.00156855,0.00155099,0.00152791
1184,0.00156992,0.00156647,0.00157107,0.00156872,0.00155077,0.00152761
1186,0.00156993,0.00156624,0.00157067,0.00156871,0.00155058,0.00152756
1188,0.00156956,0.00156582,0.00157056,0.00156867,0.0015505,0.00152784
1190,0.00156973,0.00156572,0.00157042,0.00156838,0.00155001,0.00152761
1192,0.00156927,0.00156595,0.00157045,0.00156787,0.00155013,0.00152783
1194,0.00156876,0.00156533,0.0015705,0.00156811,0.0015501,0.00152765
1196,0.00156873,0.00156561,0.00157019,0.00156799,0.00155004,0.00152743
1198,0.00156852,0.00156521,0.00156979,0.00156788,0.00155003,0.00152703
1200,0.00156835,0.00156504,0.00156991,0.00156749,0.00154986,0.00152682
1202,0.00156855,0.00156476,0.00156963,0.00156768,0.0015499,0.00152672
1204,0.00156832,0.0015648,0.00156925,0.00156735,0.0015498,0.00152685
1206,0.00156774,0.00156471,0.0015694,0.00156711,0.00154978,0.00152659
1208,0.00156794,0.00156476,0.00156896,0.00156719,0.00154944,0.0015268
1210,0.00156754,0.00156466,0.00156922,0.00156687,0.00154923,0.0015267
1212,0.00156744,0.00156412,0.00156893,0.00156699,0.00154928,0.00152654
1214,0.0015675,0.00156417,0.00156871,0.00156701,0.0015491,0.00152648
1216,0.00156709,0.00156394,0.0015686,0.00156692,0.00154886,0.00152633
1218,0.00156703,0.001564,0.00156833,0.00156646,0.00154848,0.00152619
1220,0.00156712,0.00156311,0.00156802,0.00156637,0.00154854,0.00152614
1222,0.0015668,0.00156324,0.00156814,0.00156637,0.00154856,0.00152606
1224,0.00156638,0.00156306,0.00156781,0.00156626,0.00154826,0.0015258
1226,0.00156632,0.00156296,0.00156786,0.00156585,0.00154835,0.00152555
1228,0.00156603,0.00156261,0.00156773,0.00156587,0.00154812,0.00152583
1230,0.00156626,0.00156267,0.00156749,0.0015655,0.00154792,0.00152583
1232,0.00156584,0.00156268,0.0015676,0.00156564,0.00154788,0.00152544
1234,0.00156694,0.00156273,0.00156723,0.0015654,0.00154788,0.00152518
1236,0.00156536,0.00156277,0.00156719,0.00156523,0.00154766,0.00152543
1238,0.00156491,0.0015628,0.00156674,0.00156497,0.00154743,0.00152508
1240,0.00156477,0.00156214,0.00156633,0.00156484,0.00154733,0.00152506
1242,0.00156509,0.00156167,0.00156657,0.00156493,0.00154722,0.00152524
1244,0.001565,0.00156168,0.00156616,0.00156443,0.00154728,0.00152488
1246,0.00156472,0.0015616,0.00156624,0.001565,0.00154749,0.00152501
1248,0.00156504,0.00156162,0.00156623,0.00156454,0.00154734,0.00152481
1250,0.00156479,0.00156146,0.00156611,0.001564,0.00154703,0.00152438
1252,0.00156452,0.00156126,0.00156613,0.00156443,0.00154691,0.00152454
1254,0.0015641,0.00156126,0.00156587,0.0015642,0.00154678,0.00152426
1256,0.00156405,0.00156085,0.00156565,0.00156419,0.00154662,0.0015244
1258,0.00156394,0.00156085,0.00156572,0.00156407,0.00154666,0.00152431
1260,0.00156376,0.00156055,0.00156541,0.00156398,0.00154638,0.00152431
1262,0.00156385,0.00156062,0.00156523,0.00156433,0.00154648,0.00152447
1264,0.00156364,0.00156027,0.00156538,0.0015638,0.00154617,0.00152435
1266,0.00156302,0.00156015,0.00156511,0.0015642,0.00154611,0.00152428
1268,0.0015632,0.00156011,0.00156514,0.00156353,0.0015458,0.00152392
1270,0.00156314,0.00155961,0.001565,0.00156337,0.00154576,0.00152379
1272,0.00156285,0.00155952,0.00156458,0.00156305,0.00154541,0.00152409
1274,0.00156292,0.00155958,0.0015642,0.00156271,0.00154564,0.00152391
1276,0.00156296,0.00155927,0.00156399,0.00156248,0.00154573,0.00152375
1278,0.00156257,0.00155916,0.00156397,0.00156266,0.00154538,0.00152361
1280,0.00156239,0.00155895,0.00156411,0.0015627,0.00154527,0.00152352
1282,0.00156245,0.00155873,0.00156373,0.00156236,0.00154541,0.00152356
1284,0.00156238,0.00155836,0.00156382,0.0015623,0.00154504,0.00152345
1286,0.00156216,0.00155836,0.00156363,0.00156225,0.00154499,0.00152353
1288,0.00156192,0.00155812,0.00156346,0.00156209,0.0015447,0.00152321
1290,0.00156175,0.00155813,0.0015632,0.00156198,0.00154466,0.00152307
1292,0.00156147,0.00155792,0.00156306,0.00156211,0.00154444,0.0015231
1294,0.00156121,0.00155792,0.001563,0.00156238,0.00154424,0.00152296
1296,0.00156119,0.00155782,0.00156288,0.00156194,0.00154419,0.00152316
1298,0.00156105,0.00155776,0.00156266,0.00156174,0.00154415,0.0015228
1300,0.00156109,0.00155776,0.00156278,0.00156156,0.00154397,0.00152288
1302,0.00156097,0.00155745,0.00156261,0.00156186,0.0015443,0.00152267
1304,0.00156058,0.0015573,0.00156258,0.00156163,0.00154337,0.00152268
1306,0.00156074,0.00155704,0.00156217,0.00156157,0.00154344,0.00152218
1308,0.0015603,0.00155718,0.00156189,0.00156124,0.00154372,0.00152261
1310,0.0015602,0.00155693,0.00156191,0.00156118,0.0015438,0.00152242
1312,0.00156015,0.00155691,0.00156161,0.00156102,0.0015434,0.00152252
1314,0.00155967,0.00155701,0.00156153,0.00156055,0.00154342,0.00152253
1316,0.00155982,0.00155689,0.00156159,0.00156055,0.00154311,0.0015223
1318,0.00155938,0.00155672,0.00156147,0.00156041,0.0015432,0.00152238
1320,0.00155924,0.00155656,0.00156127,0.0015605,0.0015432,0.00152216
1322,0.001559,0.00155634,0.00156093,0.00156013,0.00154313,0.00152209
1324,0.00155905,0.00155595,0.00156095,0.00156011,0.00154289,0.00152189
1326,0.00155889,0.00155573,0.00156109,0.00156028,0.00154282,0.00152194
1328,0.00155872,0.00155567,0.00156094,0.00155993,0.00154247,0.00152146
1330,0.00155827,0.00155568,0.00156046,0.00155977,0.00154219,0.00152179
1332,0.00155792,0.00155573,0.00156021,0.00155953,0.00154218,0.00152182
1334,0.00155792,0.00155541,0.00156016,0.00155918,0.00154221,0.00152168
1336,0.00155787,0.00155551,0.00155995,0.00155918,0.00154218,0.00152144
1338,0.00155807,0.00155528,0.00155997,0.00155917,0.00154185,0.00152126
1340,0.00155782,0.00155488,0.0015598,0.0015589,0.00154182,0.00152148
1342,0.00155786,0.00155446,0.00155957,0.00155891,0.00154199,0.00152135
1344,0.00155761,0.00155472,0.00155949,0.00155864,0.0015419,0.00152138
1346,0.00155751,0.00155479,0.00155946,0.00155842,0.00154191,0.00152125
1348,0.00155739,0.00155466,0.00155926,0.00155834,0.00154174,0.00152118
1350,0.00155722,0.00155441,0.00155905,0.00155813,0.00154118,0.00152124
1352,0.00155695,0.00155403,0.00155885,0.00155837,0.0015412,0.00152104
1354,0.0015567,0.00155404,0.00155891,0.00155831,0.00154087,0.00152075
1356,0.00155679,0.00155389,0.00155912,0.00155804,0.00154096,0.0015209
1358,0.00155661,0.00155395,0.00155885,0.00155807,0.00154094,0.00152064
1360,0.00155656,0.00155378,0.00155839,0.00155784,0.00154079,0.0015207
1362,0.0015565,0.00155372,0.00155821,0.00155797,0.0015405,0.00152073
1364,0.0015562,0.00155355,0.0015588,0.00155782,0.00154051,0.00152034
1366,0.00155618,0.00155322,0.0015585,0.00155776,0.00154033,0.00152019
1368,0.00155592,0.00155286,0.00155833,0.00155743,0.00154035,0.00152029
1370,0.0015556,0.00155288,0.00155807,0.00155746,0.00154032,0.00152006
1372,0.00155552,0.00155289,0.0015579,0.00155764,0.00154028,0.00152009
1374,0.00155535,0.00155281,0.00155815,0.00155719,0.00154001,0.00152038
1376,0.00155565,0.00155248,0.00155783,0.00155717,0.00153965,0.00152014
1378,0.00155544,0.00155242,0.00155773,0.00155715,0.00153951,0.00151995
1380,0.00155526,0.00155216,0.0015575,0.00155698,0.00153941,0.00151998
1382,0.00155489,0.0015521,0.00155726,0.00155672,0.00153922,0.00151952
1384,0.00155499,0.00155213,0.00155715,0.00155666,0.00153935,0.00151981
1386,0.00155462,0.0015521,0.0015567,0.00155668,0.00153932,0.00151966
1388,0.00155439,0.00155171,0.00155696,0.00155629,0.00153934,0.00151976
1390,0.00155443,0.00155171,0.0015568,0.00155662,0.00153894,0.00151967
1392,0.00155443,0.00155182,0.00155684,0.0015563,0.00153895,0.00151957
1394,0.001554,0.00155156,0.00155659,0.0015562,0.00153885,0.00151937
1396,0.00155419,0.00155135,0.00155646,0.00155607,0.00153867,0.00151945
1398,0.00155374,0.00155128,0.00155645,0.00155589,0.00153837,0.00151932
1400,0.0015536,0.00155079,0.0015563,0.00155572,0.00153816,0.00151909
1402,0.00155373,0.0015511,0.00155629,0.00155587,0.00153832,0.00151884
1404,0.00155345,0.00155088,0.00155611,0.00155568,0.00153853,0.00151896
1406,0.00155332,0.0015508,0.00155607,0.00155554,0.00153818,0.00151924
1408,0.00155305,0.0015506,0.001556,0.00155569,0.00153804,0.00151928
1410,0.00155307,0.00155041,0.00155569,0.00155539,0.00153773,0.00151913
1412,0.00155281,0.00155051,0.00155579,0.00155528,0.00153771,0.00151875
1414,0.00155279,0.00155066,0.00155547,0.00155531,0.00153778,0.00151878
1416,0.00155255,0.00155048,0.00155519,0.00155506,0.00153743,0.00151854
1418,0.00155282,0.00155048,0.00155507,0.00155496,0.00153754,0.0015185
1420,0.00155288,0.00154997,0.0015551,0.00155499,0.00153743,0.00151841
1422,0.0015531,0.00154963,0.00155517,0.00155517,0.00153756,0.0015186
1424,0.00155273,0.00154978,0.00155519,0.00155489,0.00153723,0.00151842
1426,0.00155219,0.0015498,0.00155506,0.00155453,0.00153712,0.00151841
1428,0.00155239,0.00154965,0.00155478,0.00155447,0.00153717,0.00151837
1430,0.00155201,0.00154958,0.00155467,0.0015545,0.00153729,0.00151819
1432,0.00155184,0.00154953,0.0015544,0.00155423,0.00153682,0.00151812
1434,0.00155185,0.00154941,0.00155452,0.00155419,0.00153695,0.00151794
1436,0.00155166,0.00154907,0.00155442,0.00155403,0.00153692,0.00151775
1438,0.00155157,0.00154865,0.00155429,0.00155416,0.00153684,0.00151778
1440,0.00155131,0.00154845,0.00155422,0.00155415,0.00153644,0.00151791
1442,0.00155149,0.00154845,0.00155398,0.00155384,0.00153631,0.00151819
1444,0.00155106,0.00154867,0.00155376,0.00155374,0.00153614,0.00151793
1446,0.00155081,0.00154859,0.00155379,0.00155388,0.00153617,0.00151766
1448,0.00155051,0.00154871,0.00155336,0.00155377,0.00153609,0.00151746
1450,0.00155042,0.00154826,0.00155335,0.00155357,0.00153604,0.00151764
1452,0.00155046,0.00154824,0.00155313,0.00155321,0.00153587,0.00151771
1454,0.00155031,0.00154841,0.0015532,0.00155314,0.00153558,0.00151778
1456,0.00155042,0.00154816,0.00155297,0.00155309,0.00153574,0.00151759
1458,0.0015503,0.00154797,0.00155311,0.00155301,0.0015359,0.00151764
1460,0.00155007,0.00154755,0.00155278,0.00155273,0.0015357,0.00151754
1462,0.00154997,0.00154732,0.00155269,0.00155281,0.00153569,0.00151729
1464,0.00154981,0.00154734,0.00155271,0.00155245,0.00153566,0.00151744
1466,0.00154948,0.00154719,0.00155291,0.00155253,0.00153583,0.00151722
1468,0.00154955,0.00154724,0.00155256,0.00155246,0.0015353,0.00151727
1470,0.00154954,0.00154721,0.00155229,0.00155233,0.00153545,0.0015172
1472,0.00154945,0.00154706,0.00155186,0.00155229,0.00153521,0.00151687
1474,0.00154909,0.00154708,0.00155184,0.00155212,0.00153499,0.00151706
1476,0.00154893,0.00154656,0.00155204,0.00155218,0.00153487,0.00151672
1478,0.00154911,0.0015466,0.00155207,0.00155206,0.00153469,0.00151645
1480,0.001549,0.00154655,0.00155174,0.00155203,0.00153461,0.00151667
1482,0.00154896,0.00154656,0.00155169,0.00155203,0.00153471,0.0015165
1484,0.00154831,0.00154658,0.00155148,0.00155186,0.00153456,0.00151656
1486,0.00154845,0.00154657,0.00155146,0.00155191,0.00153459,0.00151667
1488,0.00154816,0.00154616,0.00155134,0.00155143,0.00153427,0.00151668
1490,0.00154843,0.00154602,0.00155126,0.00155148,0.00153422,0.00151629
1492,0.00154822,0.00154599,0.00155126,0.00155117,0.00153446,0.00151643
1494,0.00154779,0.0015457,0.00155127,0.00155119,0.00153431,0.0015164
1496,0.00154749,0.0015459,0.00155083,0.001551,0.00153416,0.00151608
1498,0.00154745,0.00154559,0.00155081,0.00155077,0.00153397,0.00151605
1500,0.00154758,0.00154574,0.00155069,0.00155085,0.00153407,0.00151607
1502,0.00154762,0.00154597,0.0015507,0.00155099,0.00153398,0.00151604
1504,0.00154714,0.00154534,0.00155048,0.00155086,0.0015336,0.00151604
1506,0.0015469,0.00154534,0.00155028,0.00155081,0.00153351,0.00151573
1508,0.00154687,0.00154506,0.00155012,0.00155071,0.0015335,0.00151586
1510,0.00154675,0.00154517,0.00155002,0.00155024,0.00153322,0.0015158
1512,0.00154654,0.00154503,0.00155003,0.00155019,0.00153287,0.00151568
1514,0.00154626,0.00154504,0.00154984,0.00155014,0.0015329,0.00151559
1516,0.00154636,0.00154471,0.0015497,0.00154979,0.0015328,0.00151567
1518,0.00154634,0.00154457,0.00154997,0.00155006,0.00153297,0.00151556
1520,0.00154615,0.00154472,0.00154974,0.00154984,0.00153288,0.00151539
1522,0.0015457,0.00154458,0.00154963,0.00154978,0.00153269,0.00151541
1524,0.00154594,0.00154448,0.00154918,0.00154995,0.00153236,0.00151534
1526,0.00154562,0.00154428,0.00154893,0.00154957,0.00153244,0.00151515
1528,0.0015455,0.00154406,0.00154899,0.00154937,0.00153258,0.00151485
1530,0.00154539,0.00154376,0.00154854,0.00154936,0.00153215,0.00151502
1532,0.00154511,0.00154402,0.00154861,0.00154923,0.00153222,0.00151494
1534,0.00154513,0.00154397,0.00154894,0.00154906,0.00153234,0.00151493
1536,0.00154503,0.00154359,0.00154905,0.00154885,0.00153199,0.00151503
1538,0.00154469,0.00154339,0.00154878,0.00154893,0.00153194,0.00151498
1540,0.00154433,0.00154377,0.00154859,0.00154921,0.00153173,0.00151489
1542,0.00154448,0.00154364,0.00154854,0.00154889,0.00153171,0.00151489
1544,0.00154422,0.00154307,0.00154843,0.00154878,0.0015317,0.00151472
1546,0.00154411,0.00154327,0.00154826,0.0015486,0.00153149,0.00151469
1548,0.00154378,0.00154292,0.0015479,0.0015482,0.0015313,0.00151474
1550,0.00154411,0.00154301,0.00154815,0.00154873,0.00153153,0.00151485
1552,0.00154437,0.00154268,0.00154769,0.00154813,0.00153146,0.0015147
1554,0.00154397,0.00154313,0.0015476,0.00154827,0.00153122,0.00151456
1556,0.00154367,0.00154302,0.00154728,0.00154845,0.00153093,0.00151445
1558,0.00154374,0.00154263,0.00154723,0.00154818,0.00153102,0.0015144
1560,0.00154361,0.00154247,0.00154736,0.00154824,0.00153093,0.0015142
1562,0.00154329,0.00154261,0.00154725,0.00154795,0.00153085,0.00151401
1564,0.00154341,0.00154236,0.00154732,0.00154778,0.00153067,0.00151397
1566,0.0015433,0.0015425,0.00154724,0.00154796,0.00153077,0.00151385
1568,0.00154276,0.00154226,0.00154741,0.00154794,0.0015305,0.00151373
1570,0.00154258,0.00154229,0.00154737,0.00154753,0.00153072,0.00151394
1572,0.00154258,0.00154217,0.00154685,0.00154778,0.00153056,0.00151375
1574,0.00154246,0.00154229,0.00154698,0.00154762,0.00153063,0.0015138
1576,0.00154204,0.00154215,0.00154682,0.00154735,0.00153025,0.00151408
1578,0.00154204,0.00154198,0.00154653,0.00154719,0.00153026,0.00151385
1580,0.00154215,0.00154217,0.00154648,0.00154735,0.00153019,0.00151366
1582,0.00154214,0.00154171,0.00154627,0.00154743,0.00152987,0.00151379
1584,0.00154189,0.00154168,0.00154642,0.00154694,0.00153007,0.00151319
1586,0.00154158,0.0015413,0.00154641,0.00154693,0.00152992,0.00151346
1588,0.00154158,0.00154138,0.00154587,0.00154686,0.00152962,0.00151348
1590,0.0015412,0.00154147,0.00154575,0.00154682,0.00152946,0.00151326
1592,0.00154115,0.00154132,0.00154584,0.00154668,0.00153046,0.0015132
1594,0.00154104,0.00154121,0.00154574,0.00154639,0.00152952,0.00151312
1596,0.00154095,0.00154124,0.00154537,0.00154633,0.00152944,0.00151327
1598,0.00154101,0.00154119,0.0015455,0.00154658,0.00152952,0.00151335
1600,0.00154077,0.00154107,0.00154517,0.00154624,0.00152932,0.00151312
1602,0.00154092,0.00154087,0.00154513,0.00154635,0.00152908,0.0015129
1604,0.00154069,0.00154067,0.00154465,0.0015465,0.00152944,0.00151295
1606,0.00154049,0.00154074,0.00154496,0.00154619,0.00152915,0.00151282
1608,0.00154024,0.00154065,0.00154487,0.001546,0.00152925,0.00151278
1610,0.00154014,0.0015403,0.00154496,0.00154592,0.00152921,0.00151249
1612,0.00154004,0.00154037,0.00154478,0.00154574,0.00152889,0.00151254
1614,0.00154025,0.00154034,0.00154456,0.00154577,0.00152872,0.00151265
1616,0.00153977,0.00154036,0.00154448,0.00154551,0.00152886,0.00151253
1618,0.00153978,0.00154013,0.00154453,0.00154556,0.00152884,0.00151239
1620,0.00153952,0.00153967,0.00154434,0.00154571,0.00152863,0.00151249
1622,0.00153951,0.00153992,0.00154426,0.00154552,0.00152854,0.00151228
1624,0.00153941,0.00153959,0.00154473,0.00154505,0.0015287,0.00151236
1626,0.00153962,0.00153982,0.0015443,0.00154519,0.00152864,0.0015123
1628,0.0015391,0.0015396,0.00154399,0.0015448,0.00152807,0.00151244
1630,0.00153937,0.00153931,0.00154405,0.00154481,0.00152797,0.0015124
1632,0.00153883,0.00153937,0.00154411,0.00154506,0.00152784,0.00151212
1634,0.00153896,0.00153966,0.00154404,0.00154497,0.00152792,0.00151188
1636,0.00153861,0.00153911,0.00154398,0.00154471,0.00152754,0.00151198
1638,0.0015386,0.00153941,0.0015438,0.00154458,0.00152758,0.00151217
1640,0.00153852,0.00153933,0.00154375,0.00154452,0.00152788,0.00151194
1642,0.00153794,0.00153911,0.00154382,0.00154464,0.0015276,0.00151167
1644,0.00153773,0.00153912,0.00154365,0.00154473,0.00152762,0.00151193
1646,0.00153777,0.00153897,0.00154365,0.00154454,0.00152731,0.00151173
1648,0.00153764,0.00153893,0.00154324,0.00154441,0.00152738,0.00151191
1650,0.00153759,0.00153887,0.00154319,0.00154432,0.00152707,0.00151187
1652,0.00153742,0.00153854,0.00154328,0.00154434,0.00152703,0.00151158
1654,0.00153743,0.00153867,0.0015432,0.00154437,0.00152708,0.00151142
1656,0.00153756,0.00153839,0.00154305,0.00154389,0.00152716,0.00151131
1658,0.00153754,0.00153864,0.00154272,0.0015437,0.00152697,0.00151123
1660,0.0015375,0.00153844,0.00154287,0.00154362,0.00152682,0.00151102
1662,0.0015371,0.00153823,0.00154274,0.00154387,0.00152696,0.00151115
1664,0.0015372,0.00153827,0.00154272,0.00154342,0.00152669,0.0015113
1666,0.00153684,0.00153812,0.00154279,0.00154355,0.00152673,0.0015111
1668,0.00153663,0.00153802,0.00154271,0.00154341,0.00152631,0.00151133
1670,0.00153668,0.00153769,0.00154255,0.00154328,0.00152633,0.00151108
1672,0.00153685,0.0015376,0.00154231,0.00154326,0.00152617,0.00151111
1674,0.00153667,0.0015377,0.00154244,0.00154315,0.00152613,0.00151102
1676,0.00153627,0.0015373,0.00154242,0.00154304,0.00152613,0.00151107
1678,0.00153627,0.0015372,0.00154255,0.00154346,0.00152618,0.00151131
1680,0.00153614,0.00153708,0.0015422,0.00154315,0.00152606,0.00151095
1682,0.00153585,0.00153699,0.00154232,0.00154334,0.0015258,0.00151096
1684,0.00153593,0.001537,0.00154237,0.00154309,0.00152581,0.0015108
1686,0.00153575,0.00153672,0.00154211,0.00154271,0.00152539,0.00151081
1688,0.0015356,0.00153656,0.00154199,0.00154289,0.00152574,0.0015108
1690,0.00153563,0.00153658,0.00154163,0.00154255,0.00152569,0.00151087
1692,0.00153536,0.0015367,0.00154158,0.00154254,0.00152553,0.00151058
1694,0.00153537,0.0015365,0.00154184,0.00154242,0.0015256,0.0015104
1696,0.00153535,0.00153647,0.00154149,0.00154239,0.00152524,0.00151052
1698,0.00153504,0.00153627,0.00154175,0.00154238,0.00152541,0.00151054
1700,0.00153473,0.00153646,0.00154147,0.00154254,0.00152527,0.00151042
1702,0.00153445,0.00153603,0.00154116,0.00154224,0.00152513,0.00151005
1704,0.0015346,0.00153594,0.0015407,0.00154197,0.001525,0.00151005
1706,0.00153462,0.00153583,0.00154092,0.00154189,0.00152486,0.00150999
1708,0.00153426,0.00153548,0.00154112,0.00154206,0.0015251,0.00150981
1710,0.00153427,0.00153541,0.00154075,0.00154221,0.00152472,0.00151022
1712,0.00153418,0.00153541,0.00154058,0.00154141,0.00152474,0.00151021
1714,0.00153411,0.00153557,0.00154056,0.00154154,0.00152463,0.0015103
1716,0.00153351,0.0015352,0.00154061,0.00154154,0.00152477,0.00151012
1718,0.0015336,0.00153526,0.00154051,0.00154113,0.00152426,0.00150963
1720,0.00153356,0.00153551,0.00154036,0.00154137,0.0015243,0.00150988
1722,0.0015332,0.00153521,0.00154026,0.00154097,0.00152428,0.00150986
1724,0.00153311,0.00153498,0.0015399,0.00154109,0.00152442,0.00150968
1726,0.00153319,0.0015351,0.00153982,0.00154094,0.00152429,0.00151005
1728,0.00153327,0.00153508,0.00153983,0.00154106,0.00152379,0.00150976
1730,0.00153285,0.00153486,0.00153985,0.00154127,0.00152387,0.0015096
1732,0.00153253,0.00153502,0.00153972,0.00154113,0.00152385,0.00150969
1734,0.00153237,0.00153482,0.00153948,0.00154098,0.00152333,0.00150955
1736,0.00153231,0.00153473,0.00154054,0.00154073,0.00152349,0.00150966
1738,0.00153235,0.00153467,0.00153963,0.00154054,0.0015236,0.00150958
1740,0.0015321,0.00153486,0.00153961,0.00154037,0.00152334,0.00150942
1742,0.00153213,0.00153479,0.00153946,0.00154061,0.00152347,0.00150982
1744,0.00153225,0.00153458,0.00153939,0.00153997,0.0015235,0.00150951
1746,0.00153202,0.00153414,0.00153907,0.00153995,0.00152319,0.00150927
1748,0.00153163,0.00153403,0.00153915,0.00153997,0.00152307,0.00150921
1750,0.00153194,0.00153382,0.00153885,0.00154006,0.00152313,0.00150935
1752,0.00153168,0.00153397,0.00153892,0.00153989,0.00152287,0.00150907
1754,0.00153145,0.00153394,0.00153875,0.00153986,0.00152277,0.00150899
1756,0.00153149,0.00153381,0.00153864,0.00153958,0.0015228,0.00150938
1758,0.00153133,0.00153364,0.00153887,0.00153973,0.00152294,0.00150954
1760,0.00153111,0.00153373,0.00153859,0.00153982,0.00152311,0.00150938
1762,0.00153092,0.00153348,0.00153849,0.00153982,0.00152288,0.00150934
1764,0.00153071,0.00153355,0.00153821,0.00153947,0.00152272,0.00150879
1766,0.00153082,0.00153344,0.00153811,0.00153929,0.00152236,0.00150891
1768,0.00153038,0.00153326,0.00153812,0.00153898,0.00152192,0.00150885
1770,0.00153031,0.00153308,0.0015376,0.00153891,0.00152217,0.00150879
1772,0.00153011,0.00153282,0.00153799,0.0015389,0.00152204,0.00150873
1774,0.00153038,0.00153295,0.00153805,0.0015389,0.00152196,0.00150892
1776,0.00153023,0.00153262,0.00153766,0.00153889,0.00152218,0.00150871
1778,0.00153011,0.00153265,0.00153772,0.00153841,0.00152188,0.00150838
1780,0.00153015,0.00153262,0.00153759,0.00153863,0.00152181,0.00150886
1782,0.00152996,0.00153291,0.00153755,0.00153863,0.00152192,0.00150862
1784,0.00153006,0.00153276,0.00153754,0.00153876,0.001522,0.00150855
1786,0.00153017,0.00153271,0.00153761,0.00153815,0.00152177,0.00150848
1788,0.00152983,0.00153261,0.00153726,0.00153836,0.00152153,0.00150838
1790,0.00152972,0.00153236,0.00153729,0.00153826,0.00152186,0.00150822
1792,0.00152954,0.00153225,0.00153741,0.00153836,0.00152166,0.00150821
1794,0.00152949,0.00153235,0.00153693,0.00153786,0.00152175,0.001508
1796,0.00152933,0.00153191,0.00153632,0.00153802,0.00152154,0.00150796
1798,0.00152912,0.00153207,0.00153668,0.00153808,0.00152161,0.00150802
1800,0.00152888,0.00153192,0.00153672,0.00153811,0.00152154,0.00150833
1802,0.00152841,0.00153167,0.00153677,0.00153799,0.00152097,0.00150774
1804,0.00152858,0.00153156,0.00153653,0.00153798,0.00152119,0.00150743
1806,0.00152857,0.00153144,0.00153632,0.0015378,0.00152119,0.00150768
1808,0.00152844,0.00153136,0.00153639,0.00153732,0.00152084,0.00150759
1810,0.00152827,0.00153134,0.00153618,0.00153758,0.00152044,0.00150776
1812,0.00152799,0.00153115,0.00153599,0.00153748,0.00152076,0.00150758
1814,0.00152775,0.0015312,0.00153619,0.00153748,0.00152038,0.00150762
1816,0.00152779,0.00153118,0.00153646,0.0015377,0.00152033,0.00150773
1818,0.00152785,0.00153113,0.00153649,0.00153764,0.00152042,0.00150787
1820,0.0015277,0.00153131,0.00153621,0.00153713,0.0015203,0.00150757
1822,0.0015277,0.00153144,0.00153603,0.00153744,0.00152036,0.00150751
1824,0.00152744,0.0015311,0.0015358,0.00153702,0.00152054,0.00150733
1826,0.00152735,0.00153103,0.00153576,0.00153713,0.00152047,0.00150731
1828,0.00152709,0.00153103,0.00153565,0.00153715,0.00152006,0.00150751
1830,0.00152724,0.00153055,0.00153522,0.00153705,0.00152015,0.00150712
1832,0.00152689,0.00153045,0.00153551,0.001537,0.00151963,0.00150702
1834,0.00152682,0.00153032,0.00153523,0.00153672,0.00151925,0.00150724
1836,0.00152672,0.00153051,0.00153482,0.00153662,0.00151932,0.0015069
1838,0.00152684,0.00153036,0.00153491,0.00153683,0.00151956,0.00150702
1840,0.00152666,0.00152987,0.00153488,0.00153655,0.0015195,0.00150687
1842,0.00152632,0.00152996,0.00153497,0.00153669,0.00151944,0.00150714
1844,0.00152603,0.00153007,0.00153509,0.00153657,0.00151934,0.001507
1846,0.00152614,0.00152977,0.00153507,0.00153637,0.00151907,0.00150667
1848,0.00152589,0.00152967,0.00153488,0.00153663,0.00151889,0.00150696
1850,0.00152581,0.00152938,0.00153452,0.00153606,0.00151886,0.00150695
1852,0.00152568,0.00152944,0.00153438,0.00153612,0.00151928,0.00150663
1854,0.00152577,0.00152927,0.00153468,0.00153595,0.0015191,0.00150694
1856,0.00152594,0.00152956,0.00153475,0.00153575,0.00151897,0.00150664
1858,0.00152584,0.00152926,0.00153435,0.00153594,0.00151901,0.0015066
1860,0.00152551,0.00152944,0.0015343,0.00153583,0.00151852,0.00150652
1862,0.00152568,0.00152903,0.00153432,0.00153579,0.00151843,0.00150656
1864,0.00152538,0.00152926,0.0015339,0.00153571,0.00151853,0.00150647
1866,0.00152529,0.00152891,0.00153383,0.00153557,0.00151853,0.00150642
1868,0.00152532,0.00152868,0.00153374,0.00153552,0.00151825,0.00150614
1870,0.00152533,0.00152868,0.00153399,0.00153558,0.00151815,0.00150638
1872,0.00152506,0.00152868,0.0015338,0.00153553,0.00151828,0.00150614
1874,0.0015248,0.00152876,0.00153395,0.00153545,0.00151806,0.00150629
1876,0.00152495,0.0015287,0.00153355,0.00153566,0.00151801,0.00150632
1878,0.00152459,0.00152869,0.0015336,0.00153538,0.00151815,0.00150617
1880,0.00152474,0.00152876,0.00153345,0.00153531,0.0015181,0.00150612
1882,0.00152456,0.0015284,0.00153325,0.00153522,0.00151769,0.00150626
1884,0.00152438,0.0015283,0.00153296,0.00153505,0.00151756,0.00150631
1886,0.00152407,0.00152841,0.00153318,0.00153522,0.00151776,0.00150613
1888,0.00152411,0.00152801,0.00153303,0.0015348,0.00151783,0.00150614
1890,0.00152408,0.00152797,0.00153305,0.00153484,0.00151775,0.00150598
1892,0.00152362,0.00152782,0.00153302,0.0015345,0.00151766,0.00150585
1894,0.00152375,0.00152766,0.00153269,0.00153449,0.00151742,0.00150607
1896,0.00152357,0.00152766,0.00153283,0.00153419,0.00151718,0.00150612
1898,0.00152358,0.00152781,0.00153258,0.00153439,0.00151731,0.001506
1900,0.00152345,0.00152751,0.00153269,0.00153473,0.001517,0.00150582
1902,0.00152357,0.00152766,0.00153311,0.00153471,0.0015169,0.0015058
1904,0.00152332,0.00152741,0.00153275,0.00153457,0.0015169,0.00150571
1906,0.00152335,0.00152731,0.00153269,0.0015343,0.00151679,0.00150548
1908,0.00152293,0.00152699,0.00153261,0.00153423,0.00151669,0.00150568
1910,0.00152291,0.00152709,0.00153243,0.00153436,0.00151686,0.0015057
1912,0.00152281,0.0015271,0.00153244,0.00153378,0.00151671,0.00150578
1914,0.0015229,0.00152704,0.00153244,0.00153374,0.00151671,0.00150552
1916,0.00152297,0.00152684,0.00153248,0.00153356,0.00151657,0.00150564
1918,0.0015228,0.00152673,0.00153213,0.00153402,0.00151678,0.00150586
1920,0.00152248,0.00152643,0.00153224,0.00153385,0.00151657,0.00150518
1922,0.00152215,0.00152643,0.00153186,0.00153383,0.00151664,0.00150535
1924,0.00152185,0.00152643,0.00153192,0.00153346,0.00151625,0.00150511
1926,0.00152183,0.00152652,0.00153176,0.00153349,0.00151622,0.00150532
1928,0.00152189,0.00152598,0.001532,0.00153331,0.00151621,0.0015051
1930,0.00152182,0.00152624,0.00153177,0.00153354,0.00151614,0.00150534
1932,0.00152202,0.0015262,0.00153186,0.00153328,0.0015161,0.00150524
1934,0.00152213,0.00152619,0.0015318,0.00153375,0.00151603,0.00150542
1936,0.00152166,0.00152631,0.00153196,0.00153328,0.00151614,0.00150518
1938,0.00152144,0.00152583,0.00153134,0.0015335,0.00151603,0.00150501
1940,0.00152109,0.00152613,0.00153142,0.00153302,0.00151589,0.001505
1942,0.00152106,0.00152591,0.00153132,0.00153334,0.00151614,0.00150479
1944,0.00152099,0.00152573,0.00153137,0.00153287,0.00151574,0.00150518
1946,0.00152092,0.00152559,0.00153117,0.00153305,0.00151579,0.00150491
1948,0.00152059,0.00152557,0.00153108,0.00153315,0.00151543,0.00150492
1950,0.0015206,0.00152533,0.00153146,0.00153279,0.00151582,0.00150524
1952,0.00152095,0.0015256,0.00153094,0.00153256,0.00151556,0.00150461
1954,0.00152079,0.00152546,0.00153113,0.00153265,0.00151549,0.00150467
1956,0.00152044,0.00152533,0.00153085,0.00153276,0.00151546,0.00150473
1958,0.00152072,0.00152503,0.00153098,0.00153247,0.00151522,0.00150481
1960,0.0015204,0.00152529,0.0015306,0.00153249,0.00151498,0.00150487
1962,0.0015204,0.00152528,0.00153066,0.00153228,0.00151527,0.0015049
1964,0.00152015,0.00152517,0.00153054,0.00153192,0.00151503,0.00150463
1966,0.00152031,0.00152514,0.00153059,0.00153229,0.00151524,0.00150462
1968,0.00151974,0.00152499,0.00153049,0.0015322,0.00151485,0.00150458
1970,0.00151958,0.00152644,0.00153047,0.00153177,0.00151466,0.0015044
1972,0.00151963,0.00152493,0.00153002,0.00153191,0.00151489,0.00150447
1974,0.00151976,0.00152454,0.00153034,0.00153208,0.00151448,0.00150431
1976,0.00151935,0.00152467,0.00152977,0.00153224,0.0015146,0.00150446
1978,0.00151948,0.00152454,0.00152984,0.00153185,0.00151494,0.00150414
1980,0.00151908,0.00152461,0.00152998,0.00153156,0.00151474,0.00150403
1982,0.00151936,0.00152482,0.00153003,0.00153142,0.00151461,0.00150431
1984,0.00151899,0.00152448,0.00152997,0.00153154,0.00151439,0.00150454
1986,0.00151878,0.00152441,0.00152994,0.00153165,0.00151435,0.00150442
1988,0.00151842,0.0015245,0.00153008,0.00153126,0.00151435,0.0015044
1990,0.00151844,0.00152409,0.00152973,0.00153134,0.00151423,0.00150452
1992,0.00151854,0.00152404,0.00152955,0.00153142,0.00151418,0.0015041
1994,0.00151856,0.001524,0.00152964,0.00153138,0.0015141,0.00150415
1996,0.00151846,0.00152393,0.00152942,0.00153109,0.00151368,0.00150426
1998,0.00151835,0.0015236,0.00152936,0.00153084,0.00151432,0.00150408
